TF,Unnamed: 0,Family,Dataset,R^2(1mer),R^2(1mer+shape),>10%?,R^2(IDEA),Pearson(IDEA),R^2(IDEA)_uniform
ELK1,51,ETS,ETS_ELK1_TCGGAA20NAGT_GGAA_14_3,0.5202,0.7235,YES,0.7787,0.884,0.7787
FOXP3,73,forkhead,forkhead_FOXP3_TCAATT20NTAA_RTAAACA_9_3,0.5545,0.5863,NO,0.7194,0.8489,0.7194
MAX,2,bHLH,bHLH_MAX_TGACCT20NGA_CACGTG_12_3,0.7491,0.8517,YES,0.8616,0.9303,0.8616
TCF4,4,bHLH,bHLH_TCF4_TGCGAA20NGA_CACCTG_14_3,0.5257,0.8167,YES,0.7021,0.8382,0.7021
USF1,8,bHLH,bHLH_USF1_TGACGA20NGCA_CACGTG_14_4,0.5354,0.8644,YES,0.9429,0.9712,0.9429
Cebpb,10,bZIP,bZIP_Cebpb_TCCTAA20NATC_TTRCGC_12_3,0.4584,0.6011,YES,0.8325,0.9134,0.8325
CEBPB,11,bZIP,bZIP_CEBPB_TGGACA20NGA_TTRCGC_12_4,0.6666,0.8167,YES,0.834,0.9179,0.7935
Mafb,20,bZIP,bZIP_Mafb_TCGTTA20NTTT_YGCTGA_12_4,0.5313,0.717,YES,0.231,0.5185,0.3248
Egr1,25,C2H2,C2H2_Egr1_TGCGCC20NCG_GAGKGGGCGK_14_3,0.6085,0.6426,NO,0.6214,0.7891,0.6214
YY1,33,C2H2,C2H2_YY1_TCCGGC20NCG_CCGCCATT_12_4,0.5396,0.6227,YES,0.6799,0.8398,0.6799
ZBTB7A,36,C2H2,C2H2_ZBTB7A_TGAATA20NGA_CGACCACC_10_3,0.644,0.6758,NO,0.8322,0.9124,0.8322
GATA3,74,GATA,GATA_GATA3_TCATGC20NCG_GATA_12_3,0.7098,0.7441,NO,0.53,0.7307,0.518
ALX4,80,homeodomain,homeodomain_ALX4_TGTGTC20NGA_TAAT_10_4,0.7141,0.7738,NO,0.9032,0.9508,0.9032
BARHL2,84,homeodomain,homeodomain_BARHL2_TATTGT20NGTG_TAAW_10_3,0.6065,0.7351,YES,0.7631,0.8881,0.5678
MSX1,134,homeodomain,homeodomain_MSX1_TGCGAA30NAGC_TAAT_10_5,0.5141,0.6949,YES,0.772,0.8844,0.772
PDX1,144,homeodomain,homeodomain_PDX1_TGGAAT30NAAT_TAAT_10_3,0.5269,0.5772,NO,0.8227,0.9071,0.8227
HSF1,165,HSF,HSF_HSF1_TATAGA20NGAG_TTCTAGAA_14_3,0.4799,0.5888,YES,0.8441,0.9188,0.8441
SMAD3,167,MAD,MAD_SMAD3_TGGGTA20NGA_TAGACA_12_3,0.6727,0.7038,NO,0.7667,0.8759,0.7667
MEIS1,168,MEIS,MEIS_MEIS1_TGACCT20NGA_TGACAN_10_5,0.6941,0.7583,NO,0.6615,0.8165,0.7116
NR2C2,182,nuclearreceptor,nuclearreceptor_NR2C2_TCGACT20NCAT_AGGTCA_12_4,0.4294,0.5918,YES,0.6867,0.8314,0.6867
NR3C1,186,nuclearreceptor,nuclearreceptor_NR3C1_TGACGA20NGCA_ACANNNTGT_13_3,0.5711,0.6309,YES,0.7862,0.8937,0.623
POU3F1,201,POU,POU_POU3F1_TAGCGA20NGCT_WAAT_16_4,0.3059,0.3991,YES,0.2862,0.5384,0.285
PROX1,206,PROX,PROX_PROX1_TGCAGA20NGA_AAGAC_9_3,0.5706,0.631,YES,0.688,0.8301,0.688